battery_kwh,reliability,ens_kwh,lolp
0,0.7322373794627371,129677.36351095876,0.5441780821917809
50,0.7609159008017968,115788.36351095879,0.5226027397260274
100,0.7895944221408566,101899.36351095879,0.47214611872146117
150,0.8182232996499136,88034.40600418075,0.4218036529680365
200,0.8468233571823001,74183.40600418075,0.3670091324200913
250,0.8746244988934916,60719.32071674183,0.31461187214611874
300,0.8979103915110234,49441.96932399733,0.27351598173515984
350,0.9198528228048312,38815.25588097822,0.2295662100456621
400,0.941101269690663,28524.63889594667,0.17134703196347031
450,0.9603042896416256,19224.62161312873,0.10947488584474886
500,0.975534123751612,11848.817140758529,0.06015981735159817
550,0.9868965774040022,6345.983960753997,0.029908675799086758
600,0.9943094208319795,2755.9459265771306,0.0136986301369863
650,0.997874584624027,1029.3380822491292,0.0058219178082191785
700,0.9988575859017619,553.2708336959897,0.0021689497716894978
750,0.9991934026810831,390.6348597958829,0.0014840182648401827
800,0.9993503302944295,314.63485979588285,0.0013698630136986301
850,0.9994421883449456,270.14803118525657,0.0012557077625570776
900,0.9995206521516188,232.14803118525657,0.001141552511415525
950,0.999599115958292,194.14803118525657,0.001141552511415525
1000,0.9996775797649652,156.14803118525649,0.0009132420091324201
1050,0.9997560435716384,118.14803118525649,0.0005707762557077625
1100,0.9998345073783116,80.14803118525651,0.00034246575342465754
1150,0.9999129711849848,42.14803118525655,0.00011415525114155251
1200,0.999991434991658,4.148031185256393,0.00011415525114155251
1250,1.0,0.0,0.0
1300,1.0,0.0,0.0
1350,1.0,0.0,0.0
1400,1.0,0.0,0.0
1450,1.0,0.0,0.0
1500,1.0,0.0,0.0
1550,1.0,0.0,0.0
1600,1.0,0.0,0.0
1650,1.0,0.0,0.0
1700,1.0,0.0,0.0
1750,1.0,0.0,0.0
1800,1.0,0.0,0.0
1850,1.0,0.0,0.0
1900,1.0,0.0,0.0
1950,1.0,0.0,0.0
2000,1.0,0.0,0.0
